fips,dem_share
01001,0.237696712
01003,0.19385601
01005,0.46527844100000004
01007,0.212495748
01009,0.084258246
01011,0.7494692140000001
01013,0.42670636700000003
01015,0.276658867
01017,0.41611510799999996
01019,0.144134911
01021,0.158473515
01023,0.42635765200000003
01025,0.44117872799999996
01027,0.186745169
01029,0.103746398
01031,0.203255164
01033,0.293477825
01035,0.467729689
01037,0.339299315
01039,0.149749059
01041,0.265517792
01043,0.10028252300000001
01045,0.235372553
01047,0.68305662
01049,0.140246263
01051,0.226596887
01053,0.310205456
01055,0.236436917
01057,0.16511092300000002
01059,0.182475083
01061,0.12969892800000002
01063,0.822336066
01065,0.593905473
01067,0.28394450000000004
01069,0.250099674
01071,0.175038124
01073,0.515705593
01075,0.148722366
01077,0.251790006
01079,0.244588307
01081,0.35866939200000003
01083,0.234972949
01085,0.730550569
01087,0.827789934
01089,0.38449344799999996
01091,0.5107331270000001
01093,0.110289587
01095,0.139228678
01097,0.417895413
01099,0.421770032
01101,0.6144892470000001
01103,0.22221783399999998
01105,0.724516862
01107,0.416264934
01109,0.383961118
01111,0.224894473
01113,0.497455339
01115,0.145546875
01117,0.22692436800000002
01119,0.740290126
01121,0.36282815
01123,0.283228985
01125,0.384062878
01127,0.152585505
01129,0.278213993
01131,0.709218699
01133,0.084553476
04001,0.617584325
04003,0.34889533100000003
04005,0.5420179310000001
04007,0.190833038
04009,0.162562789
04011,0.210323575
04012,0.264661401
04013,0.448329989
04015,0.21834306899999997
04017,0.408472725
04019,0.532826582
04021,0.369691075
04023,0.7113734559999999
04025,0.310965487
04027,0.464157706
06001,0.7869001290000001
06005,0.338558701
06007,0.43496505
06009,0.34336099600000003
06011,0.401236429
06013,0.684908028
06015,0.364616028
06017,0.388969025
06019,0.50064289
06021,0.323653643
06023,0.560375384
06025,0.679274708
06027,0.390180559
06029,0.404193101
06031,0.40150375899999996
06033,0.46930111
06035,0.211326492
06037,0.717572215
06039,0.394994433
06041,0.780531761
06043,0.35169539299999997
06045,0.589134669
06047,0.527158174
06049,0.23152059100000003
06051,0.525587566
06053,0.66778604
06055,0.638711465
06057,0.474251388
06059,0.509353072
06061,0.402042234
06063,0.357482431
06065,0.497337605
06067,0.5828813039999999
06069,0.5711092870000001
06071,0.521164923
06073,0.5629791789999999
06075,0.8503962620000001
06077,0.540331718
06079,0.497055752
06081,0.7566606440000001
06083,0.606054778
06085,0.727124422
06087,0.739390317
06089,0.27857794199999997
06093,0.353015811
06095,0.61620704
06097,0.6937639729999999
06099,0.47428926600000004
06101,0.390060555
06103,0.284800067
06105,0.389377418
06107,0.423602827
06109,0.35735829799999996
06111,0.552708643
06113,0.666975271
06115,0.343942952
08001,0.498582604
08003,0.459576308
08005,0.527593171
08007,0.340645865
08011,0.306175402
08013,0.703372984
08014,0.523521452
08015,0.434488889
08019,0.465223321
08021,0.440328195
08029,0.243418702
08031,0.736927908
08035,0.36617262
08037,0.558973952
08039,0.19614469899999998
08041,0.338624372
08043,0.24106858399999997
08045,0.42580279600000004
08047,0.45693512299999994
08049,0.39101071299999995
08051,0.544836379
08055,0.43166798799999995
08059,0.488856186
08061,0.10643274900000001
08063,0.144786602
08065,0.505157862
08067,0.498394864
08069,0.47511480799999994
08071,0.39010746399999996
08073,0.16789819399999997
08075,0.19039292300000002
08077,0.279821771
08081,0.13394636
08083,0.308990512
08085,0.25800056600000004
08087,0.263461538
08089,0.34820160899999997
08091,0.512688822
08093,0.328405491
08095,0.18696397899999997
08097,0.696854509
08099,0.236443381
08101,0.45615797399999997
08103,0.126376812
08105,0.361582942
08107,0.543400543
08109,0.499823633
08113,0.6872256870000001
08117,0.5908866079999999
08119,0.24944613699999998
08121,0.108305891
08123,0.343496175
08125,0.151534126
09001,0.578933499
09003,0.590868202
09005,0.40819154
09007,0.511791388
09009,0.542495369
09011,0.504161
09013,0.497339326
09015,0.428782244
10001,0.447076329
10003,0.620901632
10005,0.371038035
12001,0.589713077
12003,0.167167959
12005,0.24924245
12007,0.241692842
12009,0.380232691
12011,0.665087247
12013,0.204078277
12015,0.34703343200000003
12017,0.285934755
12019,0.261281143
12021,0.35766355
12023,0.264778625
12029,0.17633990600000002
12031,0.475401842
12033,0.376870052
12035,0.383040885
12037,0.28994181199999997
12039,0.6792384570000001
12041,0.173159145
12043,0.29198254100000004
12045,0.235842589
12047,0.34871794899999997
12049,0.28339707199999997
12051,0.415204678
12053,0.33898034
12055,0.326949175
12057,0.51516916
12059,0.100187926
12061,0.362996663
12063,0.30402547399999996
12065,0.46317854799999997
12067,0.15271226400000001
12069,0.36863347799999996
12071,0.382660376
12073,0.605184971
12075,0.26300592899999997
12077,0.197512136
12079,0.414579659
12081,0.397992825
12083,0.355128792
12085,0.351839332
12086,0.636751125
12087,0.446607656
12089,0.233205313
12091,0.23578404600000002
12093,0.28997290000000003
12095,0.603897304
12097,0.609517424
12099,0.565687601
12101,0.373817591
12103,0.474613274
12105,0.41303980799999995
12107,0.30479814
12109,0.315711209
12111,0.474848595
12113,0.210427945
12115,0.427262369
12117,0.47094657100000004
12119,0.29528468
12121,0.212046646
12123,0.231646932
12125,0.178082192
12127,0.41818307299999996
12129,0.283238877
12131,0.20441775399999998
12133,0.202940122
13001,0.20450656
13003,0.267049808
13005,0.151243781
13009,0.494539588
13011,0.09806451599999999
13013,0.22642808
13015,0.20763590399999998
13017,0.353942049
13019,0.158877086
13021,0.5876893089999999
13023,0.221351025
13025,0.098238375
13027,0.398989899
13029,0.26454887
13031,0.365816085
13033,0.505935194
13035,0.26970779899999997
13039,0.313740014
13043,0.272654797
13045,0.282495864
13047,0.17830848
13049,0.25
13051,0.555456475
13053,0.427338129
13055,0.195467765
13057,0.225190329
13059,0.658195482
13063,0.842352384
13065,0.279429735
13067,0.484013917
13069,0.294214876
13071,0.254183793
13073,0.291722657
13075,0.289417203
13077,0.26857235399999996
13079,0.274536321
13081,0.37766240700000003
13083,0.154597885
13085,0.123076923
13087,0.400933307
13089,0.798616075
13091,0.262376944
13093,0.485099767
13095,0.68386775
13097,0.5369946999999999
13099,0.45308255
13103,0.206880382
13105,0.317891574
13107,0.309796438
13109,0.31275948
13111,0.162800542
13113,0.382250094
13115,0.264649792
13117,0.23886948800000002
13119,0.146200894
13121,0.6885887740000001
13123,0.153840132
13127,0.34366517799999996
13129,0.167783111
13131,0.32703788100000003
13133,0.361387257
13135,0.5060533429999999
13137,0.15286585
13139,0.22887373800000002
13141,0.7544692740000001
13143,0.129875847
13145,0.247606351
13147,0.255510527
13149,0.17594127399999998
13151,0.506824211
13153,0.375389071
13155,0.24277929199999998
13157,0.165171019
13159,0.255417701
13161,0.176805338
13163,0.548363949
13165,0.367473822
13167,0.308193163
13169,0.31559238300000003
13171,0.298213347
13173,0.28073841899999996
13175,0.34572452600000003
13177,0.22413915
13179,0.591959363
13181,0.31033642100000003
13183,0.330337624
13185,0.398465811
13187,0.17867203199999998
13189,0.399115235
13191,0.390140606
13193,0.630977373
13195,0.20211702
13197,0.380250784
13199,0.412715634
13201,0.244889937
13205,0.44327411200000005
13207,0.28146922
13209,0.236856823
13211,0.281055409
13213,0.144485471
13215,0.577282999
13217,0.498851934
13219,0.276986451
13221,0.274348217
13223,0.27777777800000003
13225,0.47433035700000004
13227,0.140974498
13229,0.123512515
13231,0.142120344
13233,0.20168835699999998
13235,0.306241331
13237,0.290682968
13241,0.180680681
13243,0.55122456
13245,0.64641462
13247,0.614090681
13249,0.210057622
13251,0.40244969399999997
13253,0.33138238600000003
13255,0.364028945
13257,0.187162506
13261,0.5030071079999999
13263,0.616759088
13267,0.24351731100000001
13269,0.38028169
13271,0.345890411
13273,0.541179279
13275,0.379853207
13277,0.305717702
13279,0.25585467300000003
13281,0.17888823199999998
13283,0.31890492
13285,0.371988817
13287,0.36668628600000003
13289,0.485587583
13291,0.162729006
13293,0.31781598699999997
13295,0.17594757100000002
13297,0.20374465600000002
13299,0.28233749199999997
13301,0.562982005
13303,0.496395225
13305,0.196004994
13311,0.14158842900000002
13313,0.258888381
13315,0.286290323
13317,0.411948284
13319,0.44180079299999997
13321,0.243520193
15001,0.636055313
15003,0.614773085
15007,0.624871844
15009,0.644527866
16001,0.386760294
16005,0.309492459
16007,0.087090164
16009,0.183990442
16011,0.17587969899999997
16013,0.598284222
16015,0.203723125
16017,0.277849401
16019,0.201940255
16021,0.18070889
16027,0.23195713399999998
16029,0.08929159800000001
16031,0.12668134
16035,0.185214417
16039,0.21286083100000003
16041,0.07001273
16043,0.113910761
16045,0.154513452
16047,0.179156232
16049,0.14526903900000002
16051,0.085054466
16053,0.19685972399999999
16055,0.24527220600000002
16057,0.44533098600000004
16059,0.17895507800000002
16063,0.20594965699999998
16065,0.076555329
16067,0.16984427300000002
16069,0.280681356
16071,0.088974855
16073,0.15057324800000002
16075,0.173138787
16077,0.253444525
16079,0.2703125
16081,0.433882637
16083,0.20864296699999998
16085,0.35763694100000004
16087,0.174186308
17001,0.240242872
17003,0.443429375
17005,0.27463479399999996
17007,0.390678666
17011,0.363828375
17015,0.32867696399999996
17017,0.316354411
17019,0.547179901
17021,0.258231451
17023,0.236755802
17025,0.160629921
17027,0.22647683600000001
17029,0.334309107
17031,0.746750115
17033,0.22823098100000003
17035,0.18519849100000002
17037,0.46940367
17039,0.253214901
17041,0.238584894
17043,0.533205526
17045,0.227740379
17047,0.12966836
17049,0.175080925
17051,0.18977569100000002
17053,0.221075672
17055,0.252632142
17057,0.38823827299999997
17059,0.2427041
17061,0.21575649100000002
17063,0.347075784
17065,0.19251080199999998
17067,0.234513759
17071,0.32831154100000004
17073,0.359980522
17075,0.19167177
17077,0.472600236
17079,0.179906542
17081,0.26030943
17083,0.243744882
17085,0.393682725
17087,0.187551322
17089,0.520108974
17091,0.401035831
17093,0.46558272700000003
17095,0.453311154
17097,0.563702557
17099,0.39287940000000005
17101,0.21168362300000002
17103,0.356898444
17105,0.263475015
17107,0.267155875
17109,0.403910785
17111,0.428945326
17113,0.453385107
17115,0.38166874700000003
17117,0.299150268
17119,0.38859570299999996
17121,0.255886143
17123,0.298963904
17125,0.310514955
17127,0.23312883399999998
17129,0.278894858
17131,0.36023460399999996
17133,0.28598739300000003
17135,0.269995377
17137,0.317297297
17139,0.235715423
17141,0.332740875
17143,0.484822236
17145,0.249873135
17147,0.293627886
17149,0.187649402
17153,0.351736746
17155,0.36869173899999996
17157,0.242285473
17159,0.206142634
17161,0.504703566
17163,0.503864654
17165,0.225931131
17167,0.415835646
17169,0.280825496
17171,0.205138037
17173,0.207811081
17175,0.27378782399999996
17177,0.381851251
17179,0.321195652
17181,0.281363477
17183,0.32839385
17185,0.210651537
17187,0.382605354
17189,0.194964319
17191,0.126861155
17193,0.192501704
17195,0.431357986
17197,0.504901896
17199,0.269402235
17201,0.47064438700000005
17203,0.256343133
18001,0.214285714
18003,0.376397507
18005,0.30289319800000003
18007,0.234588107
18009,0.256871254
18011,0.316396296
18013,0.316928886
18015,0.21890547300000002
18017,0.264550637
18019,0.367724402
18021,0.204396384
18023,0.23617627300000002
18025,0.288047028
18027,0.167161961
18029,0.20356860000000002
18031,0.19061741699999998
18033,0.233226837
18035,0.402300379
18037,0.269665733
18039,0.316014018
18041,0.23630640100000003
18043,0.37261189
18045,0.197010144
18047,0.178788704
18049,0.234057798
18051,0.24031258100000003
18053,0.276943742
18055,0.212230998
18057,0.371220568
18059,0.246096017
18061,0.25773251399999997
18063,0.299104011
18065,0.25422972
18067,0.30439975
18069,0.21853768
18071,0.21868776
18073,0.24884138100000003
18075,0.236538943
18077,0.319403426
18079,0.212017937
18081,0.260421053
18083,0.24310389300000002
18085,0.19676474300000002
18087,0.217436755
18089,0.58117343
18091,0.43797978
18093,0.21982038399999998
18095,0.344933128
18097,0.58751504
18099,0.26534675399999996
18101,0.18319817
18103,0.20516243899999997
18105,0.585349163
18107,0.22182633899999998
18109,0.193094629
18111,0.242277826
18113,0.231142688
18115,0.23485107800000002
18117,0.25
18119,0.227416151
18121,0.21893041600000002
18123,0.38013656100000004
18125,0.216998494
18127,0.436274129
18129,0.282425604
18131,0.24308481399999998
18133,0.22806659899999998
18135,0.23388793300000002
18137,0.192896175
18139,0.211394511
18141,0.47475922200000004
18143,0.290297769
18145,0.23602311899999998
18147,0.286702074
18149,0.26978105399999996
18151,0.257036935
18153,0.246874635
18155,0.251419303
18157,0.436407262
18159,0.211318242
18161,0.217259192
18163,0.39347925
18165,0.299899121
18167,0.40009543399999997
18169,0.224086724
18171,0.213486005
18173,0.307073575
18175,0.231593745
18177,0.32534501
18179,0.19613196800000002
18181,0.257634537
18183,0.21628368399999998
20001,0.262742941
20003,0.200597015
20005,0.30250950600000004
20007,0.126998224
20009,0.17908267600000002
20011,0.21926801199999998
20013,0.21382557
20015,0.237661352
20021,0.232598608
20027,0.177225131
20029,0.19363867699999998
20031,0.178711898
20035,0.281356469
20037,0.34913706299999997
20041,0.195980512
20043,0.173771462
20045,0.6228163000000001
20051,0.229513685
20053,0.19447555100000002
20055,0.314499459
20057,0.27844001
20059,0.26374829
20061,0.362739872
20067,0.184596065
20073,0.170774648
20077,0.152443755
20079,0.339769375
20085,0.259883121
20087,0.302027108
20091,0.44762659899999996
20095,0.17966406699999998
20099,0.282595288
20103,0.336919574
20107,0.166252541
20111,0.378336589
20113,0.253178465
20115,0.21408250399999998
20117,0.22940295300000002
20121,0.26567700699999997
20123,0.162134602
20125,0.219676774
20127,0.229039634
20131,0.141546271
20133,0.237725689
20139,0.24879364199999998
20143,0.146055804
20145,0.217587373
20149,0.208080052
20151,0.20067673100000002
20155,0.282403965
20159,0.18270241899999998
20161,0.433819432
20167,0.144378328
20169,0.286303481
20171,0.107175295
20173,0.368820286
20175,0.323144105
20177,0.449911148
20181,0.13284839199999998
20189,0.116340561
20191,0.21353630899999998
20193,0.132270694
20195,0.133603239
20197,0.22958579899999998
20201,0.139963834
20205,0.165413534
20209,0.617986511
21001,0.160694765
21003,0.166625494
21005,0.230607599
21007,0.19897586
21009,0.23123106899999998
21011,0.296708088
21013,0.17699115
21015,0.26078656
21017,0.317051005
21019,0.29436785
21021,0.330681292
21023,0.19988658899999998
21025,0.267863367
21027,0.22338728100000002
21029,0.228866894
21031,0.16983500699999998
21033,0.21087866100000002
21035,0.295906287
21037,0.344812985
21039,0.166089965
21041,0.28690013
21043,0.22144386100000002
21045,0.119117875
21047,0.325499253
21049,0.290404196
21051,0.111127531
21053,0.12259076599999999
21055,0.152836265
21059,0.309188552
21061,0.18668955
21065,0.19981965699999998
21067,0.511887907
21069,0.215335463
21071,0.242744861
21073,0.44906767200000003
21075,0.324937028
21077,0.22438586
21079,0.190607372
21081,0.199811696
21083,0.199205107
21085,0.18523071100000002
21087,0.156009751
21089,0.254715242
21091,0.289639115
21093,0.323106868
21095,0.127544855
21097,0.26102043399999997
21099,0.238160793
21101,0.34028412
21103,0.255700098
21107,0.211845662
21109,0.08762043300000001
21111,0.540460324
21113,0.263397068
21115,0.130589219
21117,0.336314898
21119,0.216033316
21121,0.146603397
21123,0.200722475
21125,0.138525349
21127,0.172955975
21133,0.168819794
21135,0.14816912
21137,0.195063278
21139,0.19095801899999998
21141,0.252775484
21143,0.26375567899999997
21145,0.291755837
21147,0.114958449
21149,0.216381954
21151,0.315565545
21155,0.33029219600000004
21157,0.21990657600000002
21161,0.272890982
21163,0.247404137
21165,0.25188916899999997
21167,0.22626358100000002
21169,0.211255411
21171,0.12041675
21173,0.27575969300000003
21175,0.210680628
21177,0.250535988
21179,0.30929718300000003
21181,0.277015136
21183,0.200038469
21185,0.312543756
21187,0.21235752800000002
21191,0.19377393
21193,0.202043133
21195,0.173525238
21197,0.256606819
21199,0.150065975
21203,0.136750859
21205,0.37240054200000006
21207,0.133716663
21209,0.318801653
21211,0.30495626800000003
21213,0.284689948
21215,0.20189175
21217,0.225809305
21219,0.21803724600000002
21221,0.235076285
21223,0.231437599
21225,0.214297215
21227,0.35014653100000004
21229,0.251951739
21231,0.179054054
21233,0.21360895800000002
21235,0.15006534
21237,0.285768501
21239,0.365553344
22001,
22003,
22005,
22007,
22009,
22011,
22013,
22015,
22017,
22019,
22021,
22023,
22025,
22027,
22029,
22031,
22033,
22037,
22039,
22041,
22043,
22045,
22047,
22049,
22051,
22053,
22055,
22057,
22059,
22061,
22063,
22065,
22067,
22069,
22071,
22073,
22075,
22077,
22079,
22081,
22083,
22085,
22087,
22089,
22091,
22093,
22095,
22097,
22099,
22101,
22103,
22105,
22109,
22111,
22113,
22115,
22117,
22119,
22121,
22123,
22125,
22127,
23001,0.413823492
23003,0.38140012
23005,0.5993609520000001
23007,0.42552159100000003
23009,0.501618425
23011,0.442574915
23013,0.5375642629999999
23015,0.476259127
23017,0.39011570100000004
23019,0.40772287100000004
23021,0.337399259
23023,0.49333826799999997
23025,0.34883364
23027,0.459770115
23029,0.371219065
23031,0.48868509
24001,0.256899589
24003,0.47548328100000004
24005,0.559053143
24009,0.38442878799999997
24011,0.284064338
24013,0.28924963
24015,0.301530849
24017,0.6301291139999999
24019,0.410180624
24021,0.449740207
24023,0.18321319
24025,0.352182955
24027,0.6325612079999999
24029,0.456541263
24031,0.747248227
24033,0.881306915
24035,0.30060702
24037,0.351791662
24039,0.423838384
24041,0.42100909799999997
24043,0.320180025
24045,0.424236726
24047,0.344958087
25001,0.541079619
25003,0.674567535
25005,0.52032664
25007,0.7303077729999999
25009,0.5852296060000001
25011,0.641171386
25013,0.554311062
25015,0.667426105
25017,0.663695707
25019,0.647205745
25021,0.613501972
25023,0.507799882
25025,0.795977858
25027,0.518049022
26001,0.279444982
26003,0.36808322299999996
26005,0.323557882
26007,0.331813852
26009,0.327492269
26011,0.30977131
26013,0.331232092
26015,0.300504468
26017,0.40851690399999996
26019,0.40164255
26021,0.409476475
26023,0.286531167
26025,0.410121897
26027,0.3217526
26029,0.352114607
26031,0.314657695
26033,0.348020186
26035,0.317350063
26037,0.405657361
26039,0.30829924
26041,0.348042397
26043,0.297987087
26045,0.443570908
26047,0.370811616
26049,0.523449281
26051,0.30420141100000003
26053,0.39909946799999996
26055,0.406385082
26057,0.344123899
26059,0.24067201600000002
26061,0.38517665100000004
26063,0.287679839
26065,0.603257637
26067,0.311015119
26069,0.32520021
26071,0.339086294
26073,0.44911783200000005
26075,0.37020824700000005
26077,0.531659
26079,0.258122948
26081,0.450000649
26085,0.363926426
26087,0.281831662
26089,0.45903639
26091,0.364613945
26093,0.32478793899999997
26095,0.264055836
26097,0.34197146100000003
26099,0.420491186
26101,0.395190094
26103,0.48647501200000004
26105,0.359618658
26107,0.339410531
26109,0.32865899
26111,0.367830424
26113,0.213885472
26115,0.36194723700000003
26117,0.29591491600000003
26119,0.256937512
26121,0.477717447
26123,0.274381625
26125,0.516194362
26127,0.333025985
26129,0.291710792
26131,0.343257443
26133,0.254972193
26135,0.256322121
26137,0.283617802
26139,0.315082601
26141,0.33250207800000003
26143,0.328732459
26145,0.470695505
26147,0.314769945
26149,0.316790841
26151,0.253156008
26153,0.329561868
26155,0.36779924399999997
26157,0.28799038600000004
26159,0.39844924
26161,0.6813254990000001
26163,0.6678048639999999
26165,0.289972545
27001,0.33950817899999997
27003,0.406442791
27005,0.302403902
27007,0.402893712
27009,0.281184565
27011,0.33430127
27013,0.42949424
27015,0.27309674100000003
27017,0.46455439
27019,0.38616776799999997
27021,0.309331833
27023,0.317904211
27025,0.306933969
27027,0.441220491
27029,0.259128386
27031,0.5631811489999999
27033,0.293305366
27035,0.306400312
27037,0.477372105
27039,0.29115825
27041,0.28583888
27043,0.29047490600000003
27045,0.350248756
27047,0.37636284299999995
27049,0.36730567299999994
27051,0.31816873
27053,0.6313272360000001
27055,0.39089023
27057,0.297522816
27059,0.26917586600000004
27061,0.37751256299999997
27063,0.272064187
27065,0.284578696
27067,0.333731398
27071,0.362407669
27075,0.471860144
27077,0.246654773
27079,0.308797008
27081,0.28486253699999997
27083,0.31313958199999997
27085,0.26468868
27087,0.445402299
27089,0.25430766
27091,0.259519514
27093,0.259811106
27095,0.285011908
27097,0.206483479
27099,0.41981371700000003
27101,0.277420737
27103,0.435762834
27105,0.31661260399999996
27107,0.387611162
27109,0.45262015
27111,0.287384615
27113,0.319731943
27115,0.33161972300000003
27117,0.234400998
27119,0.31846445
27121,0.333280582
27123,0.650714095
27125,0.28708134
27127,0.247930627
27129,0.278332895
27131,0.444995839
27133,0.28373630899999996
27135,0.23782675600000003
27139,0.37987978
27141,0.275314293
27143,0.251350656
27145,0.321338828
27147,0.32540799800000003
27149,0.391997036
27151,0.33760512600000003
27153,0.23205203
27157,0.326741041
27159,0.242861263
27161,0.294001865
27163,0.465115957
27165,0.362945178
27167,0.270442156
27169,0.43591317
27171,0.292079635
27173,0.288855193
28001,0.560638913
28003,0.1815599
28005,0.382553191
28007,0.392684109
28009,0.428357837
28011,0.654369213
28013,0.29862414
28015,0.30390738100000003
28017,0.462484157
28021,0.8679775279999999
28023,0.331793095
28025,0.572028391
28027,0.715664273
28029,0.5192574329999999
28031,0.371807967
28033,0.31343329
28035,0.417474344
28039,0.10383176599999999
28041,0.18141180899999998
28043,0.42081232799999996
28045,0.18960140600000003
28047,0.334354714
28049,0.7139130340000001
28051,0.828256563
28053,0.722078533
28057,0.11471705900000001
28059,0.295700769
28061,0.51539823
28063,0.8645077720000001
28065,0.596440596
28067,0.274795429
28069,0.609398577
28071,0.405691595
28073,0.211044242
28075,0.381922321
28077,0.34490886200000004
28079,0.424192212
28081,0.304712424
28083,0.699012567
28085,0.293424603
28087,0.46213098700000005
28089,0.40847757100000004
28091,0.314461644
28093,0.5406698560000001
28095,0.34777134200000004
28097,0.423338671
28099,0.257272813
28101,0.292011019
28103,0.779870829
28105,0.488799382
28107,0.493295273
28109,0.164694055
28111,0.22459499300000002
28113,0.49313304700000005
28115,0.183764633
28117,0.209380065
28119,0.6870728079999999
28121,0.22479607399999998
28123,0.405626307
28127,0.33925913
28129,0.212009965
28131,0.22327892100000002
28133,0.700666806
28135,0.568483816
28137,0.33766233799999995
28139,0.19945858100000002
28141,0.119340581
28143,0.747687132
28145,0.175017397
28147,0.40323746200000005
28149,0.47816234
28151,0.6763744429999999
28153,0.367121575
28155,0.201025843
28157,0.67733523
28159,0.43350974
28161,0.42488069799999995
28163,0.533167825
29001,0.342264815
29003,0.223741794
29007,0.255441805
29009,0.185552893
29011,0.133860919
29013,0.201670198
29015,0.21746134
29017,0.12420718800000001
29019,0.490353889
29021,0.336885499
29023,0.175908222
29025,0.194341373
29027,0.259938519
29029,0.21177933699999998
29031,0.229278039
29033,0.170832378
29037,0.291155128
29039,0.160782443
29041,0.22373393800000002
29043,0.204859021
29045,0.22519440100000002
29047,0.41119663100000003
29049,0.251959248
29051,0.291994435
29053,0.24192336600000003
29055,0.188118812
29057,0.161225006
29059,0.170669529
29061,0.20317283600000002
29063,0.179364388
29065,0.144014136
29067,0.14761476099999998
29069,0.22310455699999998
29071,0.246263445
29073,0.204163868
29075,0.198816957
29077,0.330632743
29079,0.180974478
29081,0.15559772300000002
29083,0.238901277
29085,0.215071973
29089,0.26355792899999997
29091,0.165052993
29093,0.21855235399999998
29095,0.41112105
29097,0.218764226
29099,0.297144148
29101,0.28061707399999997
29105,0.15905551099999998
29107,0.255291005
29109,0.17355668600000002
29111,0.209605027
29113,0.223339476
29115,0.221943798
29117,0.197009812
29119,0.16124727
29121,0.20312295
29123,0.18887427199999998
29125,0.17644444399999998
29127,0.23141134600000002
29131,0.15329362300000002
29133,0.282066164
29135,0.181112738
29137,0.205245428
29139,0.206115307
29141,0.20043079
29143,0.262742966
29145,0.18755168
29147,0.267392683
29149,0.18530419899999998
29151,0.140761636
29153,0.160710322
29155,0.323046292
29157,0.17391304300000002
29159,0.23874993100000003
29161,0.256885679
29163,0.24464914699999998
29165,0.410289455
29167,0.19116471699999998
29169,0.21663701100000002
29171,0.150468883
29173,0.216103304
29175,0.221456979
29177,0.284294783
29181,0.15025344
29183,0.341414393
29185,0.202159827
29186,0.300153501
29187,0.252749919
29195,0.300733233
29197,0.18285124
29201,0.20717431600000003
29203,0.198770492
29205,0.186175115
29207,0.141148145
29209,0.17426208699999998
29211,0.211584875
29213,0.18596640399999997
29215,0.157721796
29217,0.198511455
29219,0.248035986
29221,0.20749838399999998
29223,0.16763925699999999
29225,0.189750941
29229,0.144106417
30001,0.235718705
30003,0.494217607
30005,0.447839046
30007,0.182891797
30009,0.305124353
30013,0.352173787
30017,0.2268081
30021,0.17992684
30023,0.48930099899999996
30027,0.20582191800000002
30029,0.285435142
30031,0.45051004299999997
30035,0.6149753689999999
30041,0.367882079
30043,0.297587131
30047,0.362339731
30049,0.41991994899999996
30053,0.218756699
30057,0.246965257
30061,0.25795228600000003
30063,0.532793946
30067,0.384122235
30073,0.271024605
30077,0.19720830399999997
30081,0.275891115
30083,0.137754055
30085,0.42716319799999997
30087,0.285838401
30089,0.20460272100000002
30093,0.5238876729999999
30095,0.186332855
30099,0.25345043899999997
30105,0.227529533
30111,0.320816693
32001,0.20204790600000003
32003,0.524309267
32005,0.303173749
32007,0.183253408
32013,0.215451578
32015,0.167012018
32019,0.258648262
32021,0.318978468
32023,0.25996427699999997
32027,0.216952573
32029,0.29397967199999997
32031,0.46391055200000003
32033,0.187384045
33001,0.385704095
33003,0.438512966
33005,0.5266499579999999
33007,0.419978243
33009,0.556933836
33011,0.465027993
33013,0.4805614
33015,0.440898619
33017,0.505710145
33019,0.45011682799999997
34001,0.519426043
34003,0.551426677
34005,0.555966621
34007,0.647494175
34009,0.384836419
34011,0.514239686
34013,0.774559874
34015,0.47921056
34017,0.7472
34019,0.407956406
34021,0.669364782
34023,0.59197429
34025,0.43635825799999994
34027,0.460230177
34029,0.31764603
34031,0.599372696
34033,0.403607513
34035,0.54547017
34037,0.32663303
34039,0.6641018129999999
34041,0.350983021
35001,0.522158143
35005,0.273000839
35006,0.46397122700000004
35007,0.39928732200000006
35009,0.233433059
35015,0.255910917
35017,0.489891499
35019,0.530925014
35023,0.418803419
35025,0.22188346899999997
35027,0.261851269
35028,0.510978411
35029,0.43797121299999997
35031,0.62553564
35035,0.30528414800000003
35037,0.284714446
35039,0.644710311
35041,0.244369748
35043,0.449132761
35045,0.279006723
35047,0.677611385
35049,0.71104796
35051,0.311136846
35053,0.48238206200000006
35055,0.6990825690000001
35057,0.282258065
35059,0.18801410100000002
35061,0.39290374
36001,0.594128585
36003,0.261181254
36005,0.885172781
36007,0.45557207899999996
36009,0.304771991
36011,0.40763294299999997
36013,0.352011653
36015,0.380879869
36017,0.33606150799999995
36019,0.469054664
36021,0.494595819
36023,0.43326417700000003
36025,0.334832255
36027,0.47551438100000004
36029,0.508600767
36031,0.450807295
36033,0.430450684
36035,0.306212878
36037,0.28942191300000003
36039,0.33582766399999997
36043,0.307865169
36045,0.36115179399999997
36047,0.795120437
36049,0.277792494
36051,0.356198595
36053,0.388072113
36055,0.542258259
36057,0.346121549
36059,0.511938609
36061,0.8655692070000001
36063,0.384829333
36065,0.370765529
36067,0.538941662
36069,0.425446822
36071,0.44913531700000003
36073,0.272893773
36075,0.354815276
36077,0.40716066700000003
36079,0.398780965
36081,0.7535333259999999
36083,0.45718398
36085,0.40972038
36087,0.5133136420000001
36089,0.421063384
36091,0.44623731299999997
36093,0.501590369
36095,0.30177935899999997
36097,0.35237118100000003
36099,0.40751073
36101,0.298223894
36103,0.446163986
36105,0.41956267700000005
36107,0.337503924
36109,0.676929566
36111,0.517497388
36113,0.416804636
36115,0.370923027
36117,0.339481442
36119,0.6488119720000001
36121,0.225690831
36123,0.36350089399999996
37001,0.41925601100000004
37003,0.206173718
37005,0.245719661
37007,0.5556187770000001
37009,0.260727056
37011,0.20475209100000002
37013,0.366112457
37015,0.618166257
37017,0.443983141
37019,0.340624131
37021,0.543027197
37023,0.289080164
37025,0.380763005
37027,0.231965859
37029,0.254494606
37031,0.263068738
37033,0.43288166200000006
37035,0.293237136
37037,0.5286205429999999
37039,0.201678302
37041,0.413945766
37043,0.227454243
37045,0.33496743
37047,0.38188943200000003
37049,0.37509840200000005
37051,0.561581416
37053,0.22993132800000002
37055,0.36830027
37057,0.241917816
37059,0.24223202800000002
37061,0.397151899
37063,0.77657653
37065,0.651932814
37067,0.529768047
37069,0.42393308700000004
37071,0.32330889399999996
37073,0.44232195799999996
37075,0.18426103600000002
37077,0.471940921
37079,0.44533662799999996
37081,0.579817797
37083,0.625740056
37085,0.36333441899999996
37087,0.34084030299999996
37089,0.340810644
37091,0.678382093
37093,0.5335161820000001
37097,0.299562779
37099,0.412173355
37101,0.33014003199999997
37103,0.402142162
37105,0.41735767799999995
37107,0.47129481100000004
37109,0.247282812
37111,0.23481761
37113,0.27495206899999997
37115,0.34838938700000005
37117,0.488632564
37119,0.622940974
37121,0.197134387
37123,0.35961871799999995
37125,0.33535283
37127,0.48746459700000005
37129,0.45555605200000004
37131,0.623883022
37133,0.306537149
37135,0.727750789
37137,0.356331878
37139,0.495371169
37141,0.335449166
37143,0.345706619
37145,0.39933724200000004
37147,0.519378594
37149,0.341595025
37151,0.20432055699999999
37153,0.439828228
37155,0.465416809
37157,0.336534368
37159,0.30138731399999996
37161,0.24786353
37163,0.406780315
37165,0.525488225
37167,0.23712270600000002
37169,0.20687361399999998
37171,0.232575475
37173,0.35858915700000005
37175,0.367004309
37179,0.324822628
37181,0.6121539770000001
37183,0.573772232
37185,0.651595204
37187,0.5693430660000001
37189,0.471502418
37191,0.42948174200000006
37193,0.21210378300000002
37195,0.515615576
37197,0.179300953
37199,0.32088353399999997
39001,0.204771547
39003,0.289667495
39005,0.23342822300000002
39007,0.381163286
39009,0.555989539
39011,0.168451348
39013,0.282276203
39015,0.222012547
39017,0.33733512
39019,0.24124216
39021,0.253756076
39023,0.37975549
39025,0.269519073
39027,0.21772423
39029,0.269085085
39031,0.25803755100000003
39033,0.240422103
39035,0.659583453
39037,0.175404175
39039,0.295074758
39041,0.393529752
39043,0.42729788700000004
39045,0.34124230200000005
39047,0.24538613199999998
39049,0.60432598
39051,0.28593639600000004
39053,0.203232542
39055,0.35179511799999996
39057,0.353575704
39059,0.263272332
39061,0.527289793
39063,0.266746245
39065,0.237514235
39067,0.23845175899999999
39069,0.269595177
39071,0.203934922
39073,0.29404891699999997
39075,0.161751402
39077,0.28960296399999996
39079,0.23559482899999998
39081,0.300456508
39083,0.284832851
39085,0.399127712
39087,0.262111474
39089,0.33078382300000003
39091,0.21542812100000003
39093,0.476295158
39095,0.561020673
39097,0.276402545
39099,0.49865301700000003
39101,0.30119291800000003
39103,0.352204699
39105,0.226339509
39107,0.155758078
39109,0.24879584300000002
39111,0.24459161100000001
39113,0.472379124
39115,0.269439702
39117,0.227278221
39119,0.300694764
39121,0.203060037
39123,0.37289585
39125,0.231347408
39127,0.275958653
39129,0.263851283
39131,0.29792070000000004
39133,0.42549810200000004
39135,0.210308777
39137,0.155698833
39139,0.291321042
39141,0.34088215899999996
39143,0.35405077700000004
39145,0.296647609
39147,0.308667195
39149,0.178727885
39151,0.388874623
39153,0.520414452
39155,0.447927189
39157,0.29518758
39159,0.28138102
39161,0.195860566
39163,0.24554707399999998
39165,0.287634202
39167,0.268967828
39169,0.30150642899999996
39171,0.251791079
39173,0.424581527
39175,0.237443353
40001,0.21219100300000002
40005,0.158429653
40009,0.127118644
40011,0.18745056699999998
40013,0.202923723
40015,0.258878905
40017,0.21118709100000002
40019,0.215927485
40021,0.330867192
40023,0.19664578
40027,0.35476473299999994
40029,0.171321384
40031,0.352014495
40033,0.162951576
40035,0.21642178
40037,0.20260145699999998
40039,0.199601556
40041,0.210677017
40047,0.202533395
40049,0.17589607399999999
40051,0.17419007399999997
40055,0.17035865
40061,0.186154496
40063,0.212328767
40065,0.18870099899999998
40067,0.15531914900000002
40069,0.195619711
40071,0.222460275
40073,0.128200946
40075,0.21958202100000002
40077,0.19649901399999997
40079,0.18872307100000002
40081,0.17326203199999998
40083,0.223826334
40085,0.19398258100000002
40087,0.171669237
40089,0.168002983
40091,0.266608062
40093,0.09098914
40095,0.19956300100000002
40097,0.217789655
40099,0.196635311
40101,0.329410307
40103,0.18470684699999998
40105,0.175123908
40107,0.23915800199999998
40109,0.41181345
40111,0.314359452
40113,0.295107034
40115,0.241721235
40117,0.211187932
40119,0.316570605
40121,0.214868855
40123,0.245229587
40125,0.23632720399999999
40127,0.16685255400000001
40131,0.193382605
40133,0.257683215
40135,0.21202465899999998
40137,0.172363718
40139,0.14844290699999999
40141,0.24279379199999998
40143,0.35557813299999996
40145,0.214792332
40147,0.227141829
40149,0.126970417
40151,0.142311887
40153,0.114944042
41001,0.204693017
41003,0.59879392
41005,0.476992511
41007,0.470504475
41009,0.381959576
41011,0.333663335
41013,0.21664475800000002
41015,0.34097216700000005
41017,0.430654342
41019,0.263373255
41023,0.170276498
41025,0.171867136
41027,0.596700275
41029,0.406550989
41031,0.315043874
41033,0.30190754
41035,0.23633920100000003
41037,0.16259542
41039,0.535311279
41041,0.494971492
41043,0.306459579
41045,0.215237183
41047,0.42230342
41049,0.244060475
41051,0.7330463559999999
41053,0.40749472600000003
41055,0.198623402
41057,0.417880171
41059,0.278037468
41061,0.25053979
41063,0.25561154399999997
41065,0.399615513
41067,0.569215398
41071,0.395893586
42001,0.299416707
42003,0.5654654410000001
42005,0.227022582
42007,0.389261825
42009,0.154207387
42011,0.42846529899999997
42013,0.254202408
42015,0.24774389300000002
42017,0.48522060899999997
42019,0.29446487600000004
42021,0.299134323
42025,0.310536558
42027,0.48705153100000004
42029,0.527090774
42031,0.24368406
42033,0.23926935300000002
42035,0.308172015
42037,0.316494261
42039,0.292622426
42041,0.387158045
42043,0.49442203100000004
42045,0.596040775
42047,0.26708720399999997
42049,0.469861496
42051,0.333773504
42055,0.250462492
42057,0.134692069
42059,0.284318701
42061,0.23033593800000002
42063,0.30521578
42065,0.187390903
42067,0.17419169699999998
42069,0.502464816
42071,0.37780367600000003
42073,0.343753834
42075,0.306459698
42077,0.505139975
42079,0.38857485799999997
42081,0.257490359
42083,0.24699312699999998
42085,0.358121929
42087,0.208429654
42089,0.48626562700000003
42091,0.589118147
42093,0.333917719
42095,0.461764644
42097,0.267271039
42099,0.218924284
42101,0.8253242159999999
42103,0.354622428
42105,0.16726618699999998
42107,0.26674513699999997
42109,0.244576178
42111,0.206189025
42113,0.239158163
42115,0.271589885
42117,0.212878581
42119,0.353789787
42121,0.270215864
42123,0.27910383
42125,0.35802858600000004
42127,0.291781164
42129,0.327759804
42131,0.28994217899999997
42133,0.332663385
44001,0.573464181
44003,0.460531608
44005,0.556730418
44007,0.57510645
44009,0.508384939
45001,0.347192575
45003,0.34007561700000005
45005,0.7614142540000001
45007,0.262129891
45009,0.627293209
45011,0.463890353
45013,0.409276145
45015,0.386143843
45017,0.47330772299999996
45019,0.506388046
45021,0.279976102
45023,0.463571026
45025,0.413605935
45027,0.5022409870000001
45029,0.442119297
45031,0.468019141
45033,0.49871773
45035,0.38446785
45037,0.38569220200000004
45039,0.616401882
45041,0.461065751
45043,0.420444136
45045,0.346166895
45047,0.372388138
45049,0.587099705
45051,0.29649413199999997
45053,0.5212216679999999
45055,0.356268322
45057,0.354717756
45059,0.334600617
45061,0.637444826
45063,0.288550531
45065,0.475268405
45067,0.600238162
45069,0.57310617
45071,0.369905397
45073,0.23778801800000002
45075,0.676381393
45077,0.211095027
45079,0.64010621
45081,0.32846800600000003
45083,0.330308035
45085,0.545456608
45087,0.391085015
45089,0.6611531820000001
45091,0.363711885
47001,0.301629798
47003,0.221100619
47005,0.232932996
47007,0.192324185
47009,0.23176524699999998
47011,0.18284798
47013,0.179380785
47015,0.212081295
47017,0.224094761
47019,0.163773478
47021,0.243531776
47023,0.19102505
47025,0.17057728100000003
47027,0.24212328800000002
47029,0.16336797
47031,0.23749436699999998
47033,0.24143042399999998
47035,0.19734446100000003
47037,0.597684167
47039,0.194686411
47041,0.22559309800000002
47043,0.252526873
47045,0.211157768
47047,0.302877179
47049,0.15000681800000001
47051,0.266642282
47053,0.268992684
47055,0.261919727
47057,0.144105894
47059,0.178772845
47061,0.20974175899999997
47063,0.196936014
47065,0.38843323399999996
47067,0.14432989699999998
47069,0.451310256
47071,0.16303146
47073,0.16881679
47075,0.5430201929999999
47077,0.17617696
47079,0.23661645399999998
47081,0.233457059
47083,0.273358586
47085,0.274989515
47087,0.252798925
47089,0.18320050300000001
47091,0.150174799
47093,0.347974787
47097,0.377890441
47099,0.180071492
47101,0.192557334
47103,0.19133952699999998
47105,0.21029455800000002
47107,0.18715009300000002
47109,0.18410041800000002
47111,0.14285714300000002
47113,0.40524659
47115,0.260725465
47117,0.24897424699999998
47119,0.28380785399999997
47121,0.198148148
47123,0.18639209
47125,0.37658799
47127,0.16951469600000002
47129,0.157196122
47131,0.198056984
47133,0.23635921699999998
47135,0.20910683
47139,0.19202454
47141,0.251763928
47143,0.17555595699999998
47145,0.223222115
47147,0.244790322
47149,0.341654566
47151,0.131124526
47153,0.184931507
47155,0.173413748
47157,0.619450298
47159,0.22713824600000002
47161,0.230609549
47163,0.20196538100000003
47165,0.253982239
47167,0.246369405
47169,0.299367089
47171,0.175399583
47173,0.161997759
47175,0.222819347
47177,0.259697326
47179,0.261788945
47181,0.12241762
47183,0.22751149
47185,0.18778626
47187,0.29182938
47189,0.253551662
48001,0.198444955
48003,0.16912806
48005,0.252014309
48007,0.234493912
48009,0.091991595
48013,0.340159438
48015,0.189017435
48017,0.22141662
48019,0.168917596
48021,0.371441625
48025,0.405892752
48027,0.397930396
48029,0.54193625
48031,0.21882146
48035,0.163051799
48037,0.25541876199999997
48039,0.356491529
48041,0.34400618899999996
48043,0.440498589
48047,0.74614792
48049,0.11557108199999999
48051,0.214224138
48053,0.197719225
48055,0.396543169
48057,0.30409188800000003
48059,0.101989604
48061,0.645119951
48063,0.277410832
48065,0.08400809699999999
48067,0.193697343
48069,0.263395093
48071,0.17562254300000002
48073,0.206611078
48075,0.121401152
48077,0.106815464
48081,0.09838369599999999
48083,0.10650562699999999
48085,0.389088565
48089,0.23340772899999998
48091,0.228987745
48093,0.150658774
48097,0.147414604
48099,0.27743384600000004
48103,0.216040462
48105,0.26666666699999997
48107,0.270833333
48109,0.591916558
48111,0.143782383
48113,0.607505142
48115,0.234353073
48117,0.281072106
48119,0.17536168300000002
48121,0.371310419
48127,0.67379845
48129,0.130375427
48131,0.667706334
48133,0.111446216
48135,0.28056392
48139,0.25525733
48141,0.690829315
48143,0.15547398
48145,0.32088414600000004
48147,0.177017602
48149,0.19187399300000002
48153,0.222052067
48157,0.513939237
48159,0.151826484
48161,0.191436752
48163,0.555454545
48165,0.129220779
48167,0.355223225
48169,0.15498652300000001
48171,0.17314969
48175,0.262405609
48177,0.248026524
48179,0.094665766
48181,0.217247343
48183,0.27969532199999997
48185,0.23014790699999998
48187,0.318062329
48189,0.237186724
48191,0.150320807
48193,0.13232044199999998
48197,0.164573695
48199,0.122036874
48201,0.539522541
48203,0.269361157
48205,0.088627049
48207,0.17740113
48209,0.460395765
48213,0.188683641
48215,0.68502684
48217,0.196376253
48219,0.172343045
48221,0.152615947
48223,0.18540404800000002
48225,0.236801149
48227,0.20291184199999998
48231,0.202700133
48233,0.10472103
48237,0.09373134300000001
48239,0.17050169699999998
48241,0.193009911
48245,0.484409596
48247,0.771590373
48249,0.540754504
48251,0.19074402
48253,0.15704698
48255,0.272748928
48257,0.24907306399999998
48259,0.181063618
48265,0.200927158
48267,0.10553278699999999
48273,0.495794786
48277,0.19252055199999998
48279,0.19299123899999998
48281,0.18074344899999997
48283,0.548324429
48285,0.13508832699999998
48287,0.20994644199999998
48289,0.12219384300000001
48291,0.20035439100000002
48293,0.229745445
48297,0.17247791699999998
48299,0.174691299
48301,0.061538462
48303,0.28302344100000004
48305,0.200597312
48307,0.15533354800000002
48309,0.342244704
48311,0.08016032099999999
48313,0.20540918600000002
48315,0.274893818
48317,0.150964813
48321,0.286979337
48323,0.7651604359999999
48325,0.268699988
48329,0.203710477
48331,0.236726685
48335,0.161202186
48337,0.102859135
48339,0.223987451
48341,0.207797123
48343,0.28654735600000003
48347,0.302625763
48349,0.24353435199999998
48351,0.208890495
48353,0.21185917199999998
48355,0.471222643
48357,0.091272485
48359,0.082278481
48361,0.17921875
48363,0.16630964
48365,0.176171275
48367,0.146857455
48369,0.196674777
48371,0.371326165
48373,0.21091073899999999
48375,0.267250707
48377,0.6603260870000001
48379,0.133588598
48381,0.15407421
48383,0.18473451300000002
48385,0.15585960699999998
48387,0.22263127300000002
48389,0.521042714
48391,0.350746269
48395,0.313148543
48397,0.24168919600000002
48399,0.119777895
48401,0.207170685
48403,0.132014621
48405,0.25497338199999997
48407,0.197041477
48409,0.363455855
48411,0.124310564
48415,0.138589525
48419,0.19348448199999999
48421,0.102673797
48423,0.26307097
48425,0.138824737
48427,0.7912265759999999
48429,0.100548974
48435,0.221045198
48437,0.209618875
48439,0.43139261100000004
48441,0.220393802
48445,0.22444113300000001
48449,0.27571929100000003
48451,0.23838977100000003
48453,0.657663424
48455,0.19281537199999998
48457,0.155688623
48459,0.148629239
48461,0.21232368199999999
48463,0.43139223600000004
48465,0.511419549
48467,0.127866606
48469,0.284869711
48471,0.307688422
48473,0.34246901799999996
48475,0.227285922
48477,0.228082007
48479,0.7434671820000001
48481,0.287673093
48483,0.084128361
48485,0.230068994
48487,0.197076736
48489,0.671638862
48491,0.415932559
48493,0.246500618
48495,0.223880597
48497,0.137713917
48499,0.140438938
48501,0.184976118
48503,0.11366290400000001
48505,0.65658816
48507,0.776207303
49001,0.105981534
49003,0.115632126
49005,0.18551899
49007,0.215920523
49011,0.20790255100000002
49013,0.072025353
49015,0.088598741
49017,0.152730375
49019,0.432384734
49021,0.13877874699999998
49023,0.105817572
49025,0.21141226800000001
49027,0.082220527
49029,0.11113251199999999
49035,0.419853032
49037,0.37488525799999994
49039,0.10438803599999999
49041,0.08030968299999999
49043,0.508841626
49045,0.20949196
49047,0.07775259799999999
49049,0.14151257
49051,0.252722772
49053,0.166034569
49057,0.27200461
50001,0.589511849
50003,0.548817674
50005,0.457904085
50007,0.657100386
50009,0.348376068
50011,0.436738125
50013,0.509489051
50015,0.567387557
50017,0.5147791660000001
50019,0.43039760899999996
50021,0.46034639899999996
50023,0.598147076
50025,0.63353214
50027,0.586607859
51001,0.426096852
51003,0.587825688
51005,0.295699659
51007,0.302272727
51009,0.328461938
51011,0.252527774
51013,0.7582319790000001
51015,0.224995185
51017,0.267643142
51019,0.229700176
51021,0.144313476
51023,0.239820695
51025,0.58430043
51027,0.186114415
51029,0.42878684
51031,0.24201924800000002
51033,0.43275247299999997
51035,0.187225637
51036,0.6077428779999999
51037,0.371039945
51041,0.45944429600000003
51043,0.371484232
51045,0.193629205
51047,0.34922135200000004
51049,0.41500203799999996
51051,0.207298137
51053,0.42467771600000004
51057,0.470044379
51059,0.64431051
51061,0.34619798799999996
51063,0.285678798
51065,0.423622858
51067,0.269066775
51069,0.295054402
51071,0.237457379
51073,0.275447271
51075,0.348293795
51077,0.193136582
51079,0.304329725
51081,0.586293835
51083,0.405682019
51085,0.308861728
51087,0.573985359
51089,0.34008130799999997
51093,0.37395017799999997
51095,0.442521947
51097,0.39707871200000006
51099,0.33228294199999997
51101,0.301277153
51103,0.43175319799999995
51105,0.17310352199999998
51107,0.550500554
51109,0.35233395700000003
51111,0.39867526
51113,0.31566127
51115,0.29429486
51117,0.420541987
51119,0.35034070100000003
51121,0.465269225
51125,0.44349603299999996
51127,0.289658553
51131,0.5273817239999999
51133,0.38550959700000004
51135,0.41948398600000003
51137,0.344933411
51139,0.23407821199999998
51141,0.20739002899999998
51143,0.291126021
51145,0.240236686
51147,0.502132779
51149,0.396626298
51153,0.575685109
51155,0.275070878
51157,0.389694401
51159,0.367932259
51161,0.334051933
51163,0.324965262
51165,0.249846613
51167,0.190266209
51169,0.156534653
51171,0.257056501
51173,0.20674941800000002
51175,0.404933544
51177,0.38692816700000005
51179,0.423271757
51181,0.537369915
51183,0.570777161
51185,0.155930195
51187,0.287806236
51191,0.21484118100000002
51193,0.447399114
51195,0.178130977
51197,0.20759949
51199,0.381001231
51515,0.229700176
51600,0.64431051
51620,0.269066775
51683,
51760,0.367932259
51770,0.334051933
53001,0.279715762
53003,0.32189811
53005,0.329388831
53007,0.39041342100000004
53009,0.448006691
53011,0.463414269
53015,0.391928565
53017,0.316412533
53019,0.304915301
53021,0.37462057299999996
53025,0.275523883
53027,0.423731801
53029,0.488851572
53031,0.62418623
53033,0.719401822
53035,0.5080238420000001
53037,0.395093643
53039,0.38945120299999997
53041,0.282702275
53043,0.21774899399999997
53045,0.42720763700000003
53047,0.36849804
53049,0.431131019
53051,0.284328139
53053,0.49510882799999995
53055,0.665676629
53057,0.476879646
53059,0.395814861
53061,0.541325587
53063,0.412623325
53065,0.254310535
53067,0.5316281589999999
53071,0.38136826799999995
53073,0.550180993
53075,0.470731003
53077,0.40245659200000006
54001,0.201850017
54003,0.28753792300000003
54005,0.206149948
54007,0.259528487
54009,0.26713825
54011,0.34598760799999995
54019,0.27971572
54023,0.10330912
54025,0.267666714
54027,0.183550186
54029,0.25680995100000004
54031,0.204678363
54033,0.275178827
54035,0.21851152899999998
54037,0.39416904799999997
54039,0.373404677
54041,0.19442840600000003
54043,0.206481744
54045,0.169269358
54047,0.231823311
54049,0.30240132
54051,0.220792978
54053,0.20430002
54055,0.204681925
54057,0.1772743
54059,0.144058885
54061,0.407761873
54063,0.191386736
54065,0.20551345699999998
54067,0.193867875
54069,0.306221429
54073,0.197142857
54075,0.254525507
54077,0.19511809800000002
54079,0.236371671
54081,0.217536633
54083,0.25147112899999996
54085,0.12171779099999999
54087,0.232894988
54089,0.244755245
54091,0.228051392
54093,0.216115108
54095,0.13875205300000001
54097,0.191581688
54099,0.221117112
54101,0.186702485
54103,0.21691939300000002
54105,0.15937241900000002
54107,0.23585567899999998
54109,0.135614864
55001,0.370916962
55003,0.526591107
55005,0.347966259
55007,0.519886662
55009,0.413741772
55011,0.36219233
55013,0.337184033
55015,0.36195122
55017,0.376604037
55019,0.310900265
55021,0.454334755
55023,0.442277893
55025,0.701658296
55027,0.324346917
55029,0.45581553799999996
55031,0.503975834
55033,0.408582681
55035,0.49729434299999997
55037,0.250658638
55039,0.338827518
55041,0.34889867799999996
55043,0.41305867399999996
55045,0.48048459299999996
55047,0.287707712
55049,0.543964111
55051,0.36402630799999997
55053,0.412100949
55055,0.383836277
55057,0.347170133
55059,0.464100368
55061,0.33677263399999996
55063,0.514642358
55065,0.429130775
55067,0.321752862
55069,0.365157079
55071,0.359539979
55073,0.380881824
55075,0.311433702
55077,0.355884961
55079,0.65598857
55081,0.35831215
55083,0.294523976
55085,0.37740418200000003
55087,0.405750629
55089,0.369898942
55091,0.35972185100000004
55093,0.395582614
55095,0.33276188
55097,0.48111492100000003
55099,0.352250231
55101,0.45161633
55103,0.444072005
55105,0.517208287
55107,0.30633554399999996
55109,0.368064326
55111,0.46912318799999997
55113,0.384168403
55115,0.306617386
55117,0.384812673
55119,0.2528469
55121,0.41213894
55123,0.446914796
55125,0.350426095
55127,0.364468864
55129,0.358985571
55131,0.26736151199999997
55133,0.331322529
55135,0.32431601600000004
55137,0.316026336
55139,0.42520426
55141,0.376507937
56001,0.403868699
56003,0.113597894
56005,0.07275125
56007,0.200658927
56009,0.10039074199999999
56011,0.071353894
56013,0.246725019
56015,0.15942029
56017,0.154679041
56019,0.144441929
56021,0.282481877
56023,0.124507042
56025,0.197223222
56029,0.167936403
56031,0.158754692
56033,0.20172295
56035,0.146697039
56037,0.18861646199999998
56039,0.5792349729999999
56041,0.141912633
56043,0.139486104
56045,0.08479863900000001
