,fips,covid_cases
100,01001,
201,01003,
302,01005,
403,01007,
504,01009,
591,01011,
692,01013,
793,01015,
894,01017,
995,01019,
1096,01021,
1183,01023,
1284,01025,
1371,01027,
1472,01029,
1573,01031,
1674,01033,
1775,01035,
1846,01037,
1947,01039,
2041,01041,
2142,01043,
2243,01045,
2344,01047,
2445,01049,
2546,01051,
2647,01053,
2748,01055,
2835,01057,
2936,01059,
3037,01061,
3138,01063,
3233,01065,
3334,01067,
3435,01069,
3536,01071,
3637,01073,
3724,01075,
3825,01077,
3926,01079,
4027,01081,
4128,01083,
4229,01085,
4330,01087,
4431,01089,
4532,01091,
4633,01093,
4734,01095,
4835,01097,
4935,01099,
5036,01101,
5137,01103,
5219,01105,
5304,01107,
5405,01109,
5506,01111,
5607,01113,
5708,01117,
5809,01115,
5891,01119,
5992,01121,
6093,01123,
6194,01125,
6295,01127,
6382,01129,
6457,01131,
6558,01133,
6659,04001,
6760,04003,
6861,04005,
6962,04007,
7063,04009,
7150,04011,
7251,04012,
7352,04013,
7453,04015,
7554,04017,
7655,04019,
7756,04021,
7857,04023,
7958,04025,
8059,04027,
8160,06001,
8261,06005,
8362,06007,
8463,06009,
8564,06011,
8665,06013,
8766,06015,
8867,06017,
8968,06019,
9069,06021,
9170,06023,
9271,06025,
9372,06027,
9473,06029,
9574,06031,
9675,06033,
9776,06035,
9877,06037,
9978,06039,
10079,06041,
10180,06043,
10281,06045,
10382,06047,
10453,06049,
10554,06051,
10655,06053,
10756,06055,
10857,06057,
10958,06059,
11059,06061,
11159,06063,
11260,06065,
11361,06067,
11462,06069,
11563,06071,
11664,06073,
11765,06075,
11866,06077,
11967,06079,
12068,06081,
12169,06083,
12270,06085,
12371,06087,
12472,06089,
12573,06093,
12674,06095,
12775,06097,
12876,06099,
12977,06101,
13078,06103,
13165,06105,
13266,06107,
13367,06109,
13468,06111,
13569,06113,
13670,06115,
13771,08001,
13872,08003,
13973,08005,
14074,08007,
14189,08013,
14290,08014,
14391,08015,
14492,08019,
14560,08021,
14661,08029,
14762,08031,
14863,08035,
14964,08037,
15065,08041,
15166,08039,
15267,08043,
15368,08045,
15439,08047,
15540,08049,
15641,08051,
15725,08055,
15826,08059,
15928,08063,
16029,08067,
16127,08065,
16228,08069,
16329,08071,
16429,08073,
16530,08075,
16631,08077,
16732,08081,
16833,08083,
16934,08085,
17035,08087,
17136,08089,
17243,08093,
17246,08095,
17346,08097,
17447,08099,
17548,08101,
17580,08103,
17670,08105,
17771,08107,
17818,08109,
17898,08113,
17999,08117,
18100,08119,
18205,08123,
18292,08125,
18393,09001,
18494,09003,
18595,09005,
18696,09007,
18797,09009,
18898,09011,
18999,09013,
19100,09015,
19201,10001,
19302,10003,
19403,10005,
19504,12001,
19605,12003,
19706,12005,
19807,12007,
19908,12009,
20009,12011,
20096,12013,
20197,12015,
20298,12017,
20399,12019,
20500,12021,
20601,12023,
20702,12029,
20803,12031,
20904,12033,
21005,12035,
21106,12037,
21207,12039,
21308,12041,
21409,12043,
21508,12045,
21609,12047,
21710,12049,
21811,12051,
21912,12053,
22013,12055,
22114,12057,
22215,12059,
22316,12061,
22417,12063,
22515,12065,
22582,12067,
22683,12069,
22784,12071,
22885,12073,
22986,12075,
23057,12077,
23158,12079,
23259,12081,
23360,12083,
23461,12085,
23562,12086,
23663,12087,
23764,12089,
23865,12091,
23966,12093,
24067,12095,
24168,12097,
24269,12099,
24370,12101,
24471,12103,
24572,12105,
24673,12107,
24774,12113,
24875,12115,
24976,12117,
25077,12109,
25178,12111,
25279,12119,
25380,12121,
25481,12123,
25568,12125,
25669,12127,
25770,12129,
25871,12131,
25972,12133,
26073,13001,
26158,13003,
26245,13005,
26346,13009,
26447,13011,
26548,13013,
26649,13015,
26750,13017,
26846,13019,
26947,13021,
27034,13023,
27135,13025,
27236,13027,
27337,13029,
27438,13031,
27539,13033,
27640,13035,
27741,13039,
27828,13043,
27929,13045,
28030,13047,
28117,13049,
28218,13051,
28305,13053,
28406,13055,
28507,13057,
28608,13059,
28709,13063,
28748,13065,
28849,13067,
28950,13069,
29051,13071,
29152,13073,
29253,13075,
29354,13077,
29428,13079,
29529,13081,
29630,13083,
29731,13085,
29832,13087,
29933,13089,
30034,13091,
30135,13093,
30236,13095,
30337,13097,
30424,13099,
30525,13103,
30626,13105,
30727,13107,
30814,13109,
30915,13111,
31016,13113,
31117,13115,
31218,13117,
31319,13119,
31420,13121,
31521,13123,
31622,13127,
31723,13129,
31824,13131,
31925,13133,
32026,13135,
32127,13137,
32228,13139,
32306,13141,
32407,13143,
32508,13145,
32609,13147,
32696,13149,
32797,13151,
32898,13153,
32985,13155,
33086,13157,
33180,13159,
33280,13161,
33378,13163,
33465,13165,
33552,13167,
33653,13169,
33754,13171,
33832,13173,
33933,13175,
34034,13177,
34135,13179,
34206,13181,
34307,13183,
34408,13185,
34509,13187,
34596,13193,
34697,13195,
34781,13197,
34882,13189,
34982,13191,
35083,13199,
35139,13201,
35240,13205,
35341,13207,
35420,13209,
35521,13211,
35622,13213,
35723,13215,
35824,13217,
35925,13219,
36017,13221,
36118,13223,
36219,13225,
36320,13227,
36421,13229,
36522,13231,
36623,13233,
36711,13235,
36812,13237,
36913,13241,
36968,13243,
37069,13245,
37170,13247,
37275,13251,
37362,13253,
37463,13255,
37564,13257,
37665,13261,
37728,13263,
37829,13267,
37912,13269,
37999,13271,
38086,13273,
38187,13275,
38288,13277,
38389,13279,
38481,13281,
38557,13283,
38658,13285,
38750,13287,
38821,13289,
38922,13291,
39023,13293,
39124,13295,
39225,13297,
39326,13299,
39374,13301,
39475,13303,
39576,13305,
39677,13311,
39778,13313,
39856,13315,
39943,13317,
40030,13319,
40131,13321,
40232,15001,
40333,15003,
40434,15007,
40535,15009,
40636,16001,
40737,16005,
40766,16007,
40852,16009,
40953,16011,
41054,16013,
41134,16015,
41235,16017,
41336,16019,
41420,16021,
41521,16027,
41591,16029,
41692,16031,
41763,16035,
41864,16039,
41955,16041,
42047,16043,
42148,16045,
42249,16047,
42346,16049,
42447,16051,
42548,16053,
42649,16055,
42750,16057,
42829,16059,
42896,16063,
42997,16065,
43098,16067,
43199,16069,
43212,16071,
43300,16073,
43401,16075,
43475,16077,
43575,16079,
43660,16081,
43761,16083,
43862,16085,
43949,16087,
44050,17001,
44111,17003,
44212,17005,
44313,17007,
44414,17011,
44513,17015,
44607,17017,
44708,17019,
44809,17021,
44910,17023,
45004,17025,
45105,17027,
45206,17029,
45307,17031,
45408,17033,
45509,17035,
45607,17039,
45708,17037,
45809,17041,
45910,17043,
46011,17045,
46082,17047,
46183,17049,
46284,17051,
46374,17053,
46475,17055,
46576,17057,
46580,17059,
46666,17061,
46767,17063,
46839,17065,
46940,17067,
47011,17071,
47112,17073,
47213,17075,
47314,17077,
47393,17079,
47494,17081,
47595,17083,
47696,17085,
47782,17087,
47883,17089,
47984,17091,
48085,17093,
48186,17095,
48287,17097,
48388,17099,
48482,17101,
48583,17103,
48684,17105,
48785,17107,
48886,17115,
48987,17117,
49088,17119,
49189,17121,
49264,17123,
49364,17125,
49465,17127,
49566,17109,
49667,17111,
49768,17113,
49840,17129,
49936,17131,
50037,17133,
50138,17135,
50239,17137,
50322,17139,
50423,17141,
50524,17143,
50625,17145,
50717,17147,
50807,17149,
50871,17153,
51018,17157,
51117,17159,
51218,17161,
51319,17165,
51420,17167,
51493,17169,
51595,17173,
51696,17163,
51844,17177,
51945,17179,
52046,17181,
52147,17183,
52235,17185,
52336,17187,
52437,17189,
52537,17191,
52631,17193,
52732,17195,
52833,17197,
52934,17199,
53035,17201,
53136,17203,
53237,18001,
53338,18003,
53439,18005,
53510,18007,
53607,18009,
53708,18011,
53809,18013,
53910,18015,
54011,18017,
54112,18019,
54213,18021,
54314,18023,
54415,18025,
54516,18027,
54617,18029,
54718,18031,
54819,18033,
54920,18035,
55021,18037,
55122,18039,
55223,18041,
55324,18043,
55424,18045,
55525,18047,
55626,18049,
55727,18051,
55828,18053,
55929,18055,
56030,18057,
56131,18059,
56232,18061,
56333,18063,
56434,18065,
56535,18067,
56636,18069,
56737,18071,
56838,18073,
56939,18075,
57040,18077,
57141,18079,
57242,18081,
57343,18083,
57444,18085,
57545,18087,
57646,18089,
57747,18091,
57848,18093,
57949,18095,
58050,18097,
58151,18099,
58238,18101,
58339,18103,
58440,18105,
58541,18107,
58642,18109,
58741,18111,
58842,18113,
59006,18117,
59107,18119,
59194,18121,
59295,18123,
59374,18125,
59475,18127,
59576,18129,
59663,18131,
59764,18133,
59865,18135,
59966,18137,
60067,18139,
60168,18143,
60269,18145,
60370,18147,
60471,18141,
60572,18149,
60673,18151,
60774,18153,
60856,18155,
60957,18157,
61057,18159,
61130,18161,
61231,18163,
61332,18165,
61433,18167,
61534,18169,
61605,18171,
61706,18173,
61807,18175,
61908,18177,
62009,18179,
62110,18181,
62211,18183,
62312,20001,
62391,20003,
62490,20005,
62491,20007,
62592,20009,
62693,20011,
62780,20013,
62881,20015,
62982,20021,
63059,20027,
63146,20029,
63247,20031,
63348,20035,
63449,20037,
63550,20041,
63617,20043,
63718,20045,
63819,20051,
63886,20053,
63987,20055,
64088,20057,
64189,20059,
64290,20061,
64368,20067,
64439,20073,
64556,20079,
64652,20085,
64753,20087,
64854,20091,
64928,20095,
65029,20099,
65130,20103,
65201,20107,
65302,20111,
65381,20115,
65468,20117,
65569,20113,
65670,20121,
65741,20123,
65842,20125,
65980,20131,
66081,20133,
66177,20139,
66248,20143,
66318,20145,
66419,20149,
66506,20151,
66607,20155,
66687,20159,
66788,20161,
66875,20167,
66976,20169,
67020,20171,
67121,20173,
67222,20175,
67323,20177,
67382,20181,
67389,20189,
67490,20191,
67582,20193,
67824,20205,
67925,20209,
68012,21001,
68113,21003,
68214,21005,
68285,21007,
68386,21009,
68457,21011,
68558,21013,
68659,21015,
68760,21017,
68861,21019,
68962,21021,
69033,21023,
69120,21025,
69221,21027,
69322,21029,
69403,21031,
69502,21033,
69603,21035,
69704,21037,
69810,21041,
69911,21043,
69998,21045,
70099,21047,
70200,21049,
70287,21051,
70335,21053,
70407,21055,
70508,21059,
70579,21061,
70666,21065,
70767,21067,
70846,21069,
70947,21071,
71048,21073,
71133,21075,
71209,21077,
71310,21079,
71411,21081,
71512,21083,
71613,21085,
71683,21087,
71784,21089,
71855,21091,
71956,21093,
72050,21095,
72151,21097,
72252,21099,
72353,21101,
72454,21103,
72555,21107,
72626,21109,
72727,21111,
72828,21113,
72915,21115,
73016,21117,
73055,21119,
73156,21121,
73248,21123,
73349,21125,
73436,21127,
73523,21133,
73594,21135,
73695,21137,
73775,21139,
73876,21141,
73961,21143,
74062,21151,
74156,21155,
74257,21157,
74358,21161,
74459,21145,
74546,21147,
74617,21149,
74718,21163,
74744,21165,
74845,21167,
74917,21169,
74999,21171,
75100,21173,
75171,21175,
75272,21177,
75373,21179,
75427,21181,
75528,21183,
75629,21185,
75700,21187,
75781,21191,
75875,21193,
75976,21195,
76063,21197,
76164,21199,
76265,21203,
76366,21205,
76453,21207,
76554,21209,
76655,21211,
76756,21213,
76857,21215,
76958,21217,
77045,21219,
77132,21221,
77203,21223,
77290,21225,
77391,21227,
77478,21229,
77565,21231,
77652,21233,
77753,21235,
77856,21239,
77957,22001,
78058,22003,
78159,22005,
78260,22007,
78361,22009,
78462,22011,
78549,22013,
78650,22015,
78751,22017,
78852,22019,
78932,22021,
79019,22023,
79088,22025,
79167,22027,
79264,22029,
79365,22031,
79466,22033,
79553,22037,
79654,22039,
79750,22041,
79851,22043,
79952,22045,
80053,22047,
80140,22049,
80241,22053,
80342,22051,
80429,22059,
80530,22055,
80631,22057,
80732,22061,
80833,22063,
80934,22065,
81035,22067,
81136,22069,
81237,22071,
81338,22073,
81439,22075,
81533,22077,
81634,22079,
81691,22081,
81792,22083,
81893,22085,
81994,22087,
82095,22089,
82167,22091,
82266,22093,
82367,22095,
82468,22097,
82569,22099,
82670,22101,
82771,22103,
82872,22105,
82973,22109,
83074,22111,
83175,22113,
83276,22115,
83377,22117,
83478,22119,
83579,22121,
83666,22123,
83753,22125,
83840,22127,
83941,23001,
84042,23003,
84143,23005,
84244,23007,
84345,23009,
84446,23011,
84547,23013,
84648,23015,
84749,23017,
84850,23019,
84942,23021,
85043,23023,
85144,23025,
85245,23027,
85346,23029,
85447,23031,
85548,24001,
85649,24003,
85750,24005,
85851,24009,
85952,24011,
86053,24013,
86154,24015,
86255,24017,
86356,24019,
86457,24021,
86558,24023,
86659,24025,
86760,24027,
86861,24029,
86962,24031,
87063,24033,
87164,24035,
87265,24039,
87366,24037,
87467,24041,
87568,24043,
87669,24045,
87770,24047,
87871,25001,
87972,25003,
88073,25005,
88167,25007,
88268,25009,
88369,25011,
88470,25013,
88571,25015,
88672,25017,
88761,25019,
88862,25021,
88963,25023,
89064,25025,
89165,25027,
89236,26001,
89316,26003,
89417,26005,
89518,26007,
89619,26009,
89719,26011,
89874,26015,
89975,26017,
90076,26019,
90177,26021,
90278,26023,
90379,26025,
90480,26027,
90581,26029,
90682,26031,
90783,26033,
90884,26035,
90985,26037,
91086,26039,
91187,26041,
91288,26043,
91389,26045,
91490,26047,
91591,26049,
91692,26051,
91793,26053,
91894,26055,
91995,26057,
92096,26059,
92197,26061,
92298,26063,
92399,26065,
92500,26067,
92601,26069,
92688,26071,
92789,26073,
92890,26075,
92991,26077,
93092,26079,
93193,26081,
93272,26085,
93373,26087,
93465,26089,
93566,26091,
93667,26093,
93761,26097,
93862,26099,
93963,26101,
94064,26103,
94165,26105,
94266,26107,
94367,26109,
94468,26111,
94557,26113,
94658,26115,
94759,26117,
94846,26119,
94947,26121,
95048,26123,
95149,26125,
95250,26127,
95351,26129,
95455,26133,
95534,26135,
95635,26137,
95736,26139,
95816,26141,
95917,26143,
96018,26145,
96119,26151,
96288,26155,
96389,26147,
96490,26149,
96591,26157,
96692,26159,
96793,26161,
96894,26163,
96995,26165,
97096,27001,
97197,27003,
97298,27005,
97399,27007,
97500,27009,
97512,27011,
97613,27013,
97714,27015,
97815,27017,
97916,27019,
98017,27021,
98105,27023,
98206,27025,
98307,27027,
98380,27029,
98418,27031,
98505,27033,
98606,27035,
98707,27037,
98808,27039,
98909,27041,
99002,27043,
99103,27045,
99204,27047,
99305,27049,
99376,27051,
99477,27053,
99572,27055,
99673,27057,
99774,27059,
99875,27061,
99946,27063,
100047,27065,
100148,27067,
100241,27071,
100331,27075,
100435,27079,
100596,27083,
100737,27089,
100838,27091,
100939,27085,
101040,27093,
101141,27095,
101242,27097,
101343,27099,
101420,27101,
101521,27103,
101622,27105,
101693,27107,
101794,27109,
101895,27111,
101984,27113,
102085,27115,
102168,27117,
102269,27119,
102348,27121,
102449,27123,
102571,27127,
102664,27129,
102765,27131,
102852,27133,
102947,27135,
103048,27139,
103149,27141,
103231,27143,
103332,27145,
103433,27147,
103516,27149,
103595,27151,
103696,27153,
103797,27157,
103884,27159,
103985,27161,
104086,27163,
104173,27165,
104244,27167,
104345,27169,
104446,27171,
104517,27173,
104618,28001,
104719,28003,
104792,28005,
104879,28007,
104950,28009,
105051,28011,
105138,28013,
105200,28015,
105294,28017,
105369,28021,
105456,28023,
105557,28025,
105658,28027,
105759,28029,
105847,28031,
105948,28033,
106049,28035,
106150,28039,
106237,28041,
106338,28043,
106439,28045,
106540,28047,
106641,28049,
106725,28051,
106796,28053,
106897,28057,
106998,28059,
107085,28061,
107089,28063,
107170,28065,
107271,28067,
107438,28071,
107539,28073,
107640,28075,
107727,28077,
107822,28079,
107923,28081,
108024,28083,
108125,28085,
108226,28087,
108327,28089,
108428,28091,
108529,28093,
108630,28095,
108718,28097,
108819,28099,
108917,28101,
109004,28103,
109105,28105,
109206,28107,
109307,28109,
109398,28111,
109499,28113,
109600,28115,
109701,28117,
109751,28119,
109852,28121,
109953,28123,
110054,28127,
110139,28129,
110240,28131,
110341,28133,
110412,28135,
110513,28137,
110611,28139,
110709,28141,
110809,28143,
110910,28145,
110996,28147,
111097,28149,
111198,28151,
111286,28153,
111368,28155,
111430,28157,
111523,28159,
111610,28161,
111711,28163,
111812,29001,
111907,29003,
112008,29007,
112109,29009,
112196,29011,
112297,29013,
112398,29015,
112473,29017,
112574,29019,
112675,29021,
112776,29023,
112847,29025,
112948,29027,
113049,29029,
113150,29031,
113221,29033,
113322,29037,
113423,29039,
113464,29041,
113565,29043,
113650,29045,
113751,29047,
113852,29049,
113953,29051,
114054,29053,
114155,29055,
114224,29057,
114323,29059,
114394,29061,
114481,29063,
114569,29065,
114656,29067,
114757,29069,
114858,29071,
114952,29073,
114957,29075,
115058,29077,
115140,29079,
115241,29081,
115342,29083,
115413,29085,
115484,29089,
115585,29091,
115683,29093,
115784,29095,
115885,29097,
115986,29099,
116087,29101,
116188,29105,
116289,29107,
116390,29109,
116461,29111,
116562,29113,
116649,29115,
116744,29117,
116844,29121,
116931,29123,
116998,29125,
117099,29127,
117200,29119,
117301,29131,
117402,29133,
117489,29135,
117561,29137,
117647,29139,
117748,29141,
117849,29143,
117950,29145,
118051,29147,
118138,29149,
118221,29151,
118288,29153,
118389,29155,
118490,29157,
118591,29159,
118692,29161,
118793,29163,
118894,29165,
118995,29167,
119096,29169,
119104,29171,
119187,29173,
119288,29175,
119389,29177,
119476,29181,
119577,29195,
119688,29201,
119745,29203,
119761,29205,
119862,29183,
119944,29185,
120045,29187,
120146,29186,
120247,29207,
120348,29209,
120515,29213,
120616,29215,
120717,29217,
120818,29219,
120919,29221,
121006,29223,
121107,29225,
121208,29229,
121295,30001,
121396,30003,
121524,30007,
121614,30009,
121715,30013,
121810,30017,
121895,30021,
121976,30023,
122063,30027,
122164,30029,
122265,30031,
122352,30035,
122453,30041,
122531,30043,
122632,30047,
122733,30049,
122834,30053,
122922,30057,
122939,30061,
123040,30063,
123141,30067,
123179,30077,
123280,30081,
123376,30083,
123448,30085,
123519,30087,
123600,30089,
123701,30093,
123791,30095,
123809,30099,
123890,30105,
123991,30111,
124092,32001,
124193,32003,
124294,32005,
124395,32007,
124496,32013,
124566,32015,
124667,32019,
124694,32021,
124795,32023,
124884,32027,
124942,32029,
125043,32031,
125141,32033,
125242,33001,
125343,33003,
125444,33005,
125545,33007,
125646,33009,
125747,33011,
125848,33013,
125949,33015,
126050,33017,
126151,33019,
126252,34001,
126353,34003,
126454,34005,
126555,34007,
126656,34009,
126757,34011,
126858,34013,
126959,34015,
127060,34017,
127161,34019,
127262,34021,
127363,34023,
127464,34025,
127565,34027,
127666,34029,
127767,34031,
127868,34033,
127969,34035,
128070,34037,
128171,34039,
128272,34041,
128373,35001,
128474,35005,
128575,35006,
128676,35007,
128777,35009,
128878,35015,
128979,35017,
129080,35019,
129181,35023,
129282,35025,
129383,35027,
129477,35028,
129578,35029,
129679,35031,
129780,35035,
129881,35037,
129982,35039,
130083,35041,
130184,35045,
130285,35047,
130386,35043,
130487,35049,
130588,35051,
130689,35053,
130790,35055,
130891,35057,
131049,35061,
131150,36001,
131251,36003,
131352,36005,
131453,36007,
131554,36009,
131655,36011,
131756,36013,
131857,36015,
131958,36017,
132059,36019,
132160,36021,
132261,36023,
132362,36025,
132463,36027,
132564,36029,
132665,36031,
132766,36033,
132867,36035,
132968,36037,
133069,36039,
133170,36043,
133271,36045,
133372,36047,
133473,36049,
133574,36051,
133675,36053,
133776,36055,
133877,36057,
133978,36059,
134079,36061,
134180,36063,
134281,36065,
134382,36067,
134483,36069,
134584,36071,
134685,36073,
134786,36075,
134887,36077,
134988,36079,
135089,36081,
135190,36083,
135291,36085,
135392,36087,
135493,36091,
135594,36093,
135695,36095,
135796,36097,
135897,36099,
135998,36089,
136099,36101,
136200,36103,
136301,36105,
136402,36107,
136503,36109,
136604,36111,
136705,36113,
136806,36115,
136907,36117,
137008,36119,
137109,36121,
137210,36123,
137311,37001,
137412,37003,
137491,37005,
137592,37007,
137693,37009,
137794,37011,
137895,37013,
137996,37015,
138097,37017,
138198,37019,
138299,37021,
138400,37023,
138501,37025,
138602,37027,
138673,37029,
138774,37031,
138875,37033,
138976,37035,
139077,37037,
139178,37039,
139268,37041,
139359,37043,
139460,37045,
139561,37047,
139662,37049,
139763,37051,
139864,37053,
139965,37055,
140066,37057,
140167,37059,
140268,37061,
140369,37063,
140470,37065,
140571,37067,
140672,37069,
140773,37071,
140844,37073,
140909,37075,
141010,37077,
141111,37079,
141212,37081,
141313,37083,
141414,37085,
141515,37087,
141616,37089,
141717,37091,
141818,37093,
141919,37097,
142020,37099,
142121,37101,
142208,37103,
142309,37105,
142410,37107,
142511,37109,
142612,37113,
142713,37115,
142814,37117,
142915,37111,
143016,37119,
143116,37121,
143217,37123,
143318,37125,
143419,37127,
143520,37129,
143621,37131,
143722,37133,
143823,37135,
143910,37137,
144011,37139,
144112,37141,
144200,37143,
144301,37145,
144402,37147,
144503,37149,
144604,37151,
144705,37153,
144806,37155,
144907,37157,
145008,37159,
145109,37161,
145210,37163,
145311,37165,
145412,37167,
145513,37169,
145614,37171,
145715,37173,
145816,37175,
145917,37179,
146018,37181,
146119,37183,
146220,37185,
146307,37187,
146408,37189,
146509,37191,
146610,37193,
146711,37195,
146812,37197,
146913,37199,
147014,39001,
147115,39003,
147216,39005,
147317,39007,
147418,39009,
147519,39011,
147620,39013,
147721,39015,
147822,39017,
147923,39019,
148024,39021,
148125,39023,
148226,39025,
148327,39027,
148428,39029,
148529,39031,
148630,39033,
148731,39035,
148832,39037,
148933,39039,
149034,39041,
149135,39043,
149236,39045,
149337,39047,
149438,39049,
149539,39051,
149640,39053,
149741,39055,
149842,39057,
149943,39059,
150044,39061,
150145,39063,
150246,39065,
150342,39067,
150443,39069,
150544,39071,
150645,39073,
150746,39075,
150847,39077,
150948,39079,
151049,39081,
151150,39083,
151251,39085,
151352,39087,
151453,39089,
151554,39091,
151655,39093,
151756,39095,
151857,39097,
151958,39099,
152059,39101,
152160,39103,
152261,39105,
152362,39107,
152463,39109,
152545,39111,
152646,39113,
152728,39115,
152829,39117,
152930,39119,
153008,39121,
153109,39123,
153210,39125,
153311,39127,
153412,39129,
153513,39131,
153614,39133,
153715,39135,
153816,39137,
153917,39139,
154018,39141,
154119,39143,
154220,39145,
154321,39147,
154422,39149,
154523,39151,
154624,39153,
154725,39155,
154826,39157,
154927,39159,
155028,39161,
155114,39163,
155215,39165,
155316,39167,
155417,39169,
155518,39171,
155619,39173,
155720,39175,
155821,40001,
155922,40005,
156023,40009,
156110,40011,
156211,40013,
156312,40015,
156413,40017,
156514,40019,
156615,40021,
156716,40023,
156817,40027,
156839,40029,
156940,40031,
157039,40033,
157140,40035,
157241,40037,
157342,40039,
157443,40041,
157544,40047,
157645,40049,
157746,40051,
157780,40055,
157867,40061,
157960,40063,
158061,40065,
158135,40067,
158222,40069,
158323,40071,
158411,40073,
158498,40075,
158585,40077,
158686,40079,
158787,40081,
158888,40083,
158986,40085,
159053,40093,
159154,40095,
159255,40097,
159356,40087,
159457,40089,
159558,40091,
159659,40099,
159760,40101,
159847,40103,
159934,40105,
160031,40107,
160132,40109,
160233,40111,
160334,40113,
160435,40115,
160536,40117,
160637,40119,
160738,40121,
160839,40123,
160940,40125,
161027,40127,
161128,40131,
161229,40133,
161330,40135,
161431,40137,
161532,40139,
161603,40141,
161704,40143,
161805,40145,
161906,40147,
161977,40149,
162065,40151,
162166,40153,
162267,41001,
162368,41003,
162469,41005,
162570,41007,
162671,41009,
162772,41011,
162873,41013,
162974,41015,
163075,41017,
163176,41019,
163247,41023,
163330,41025,
163431,41027,
163532,41029,
163633,41031,
163734,41033,
163835,41035,
163913,41037,
164014,41039,
164115,41041,
164216,41043,
164317,41045,
164418,41047,
164519,41049,
164620,41051,
164721,41053,
164821,41055,
164922,41057,
165023,41059,
165124,41061,
165188,41063,
165289,41065,
165390,41067,
165491,41071,
165592,42001,
165693,42003,
165794,42005,
165895,42007,
165996,42009,
166097,42011,
166198,42013,
166299,42015,
166400,42017,
166501,42019,
166602,42021,
166703,42025,
166804,42027,
166905,42029,
167006,42031,
167107,42033,
167208,42035,
167309,42037,
167410,42039,
167511,42041,
167612,42043,
167713,42045,
167814,42047,
167915,42049,
168016,42051,
168117,42055,
168218,42057,
168319,42059,
168420,42061,
168521,42063,
168622,42065,
168723,42067,
168824,42069,
168925,42071,
169026,42073,
169127,42075,
169228,42077,
169329,42079,
169430,42081,
169531,42083,
169632,42085,
169733,42087,
169834,42089,
169935,42091,
170036,42093,
170137,42095,
170238,42097,
170339,42099,
170440,42101,
170541,42103,
170639,42105,
170740,42107,
170841,42109,
170942,42111,
170994,42113,
171095,42115,
171196,42117,
171297,42119,
171398,42121,
171499,42123,
171600,42125,
171701,42127,
171802,42129,
171903,42131,
172004,42133,
172105,44001,
172206,44003,
172307,44005,
172408,44007,
172509,44009,
172610,45001,
172711,45003,
172778,45005,
172879,45007,
172974,45009,
173075,45011,
173176,45013,
173277,45015,
173378,45017,
173479,45019,
173580,45021,
173681,45023,
173782,45025,
173883,45027,
173984,45029,
174085,45031,
174186,45033,
174287,45035,
174388,45037,
174489,45039,
174590,45041,
174691,45043,
174792,45045,
174893,45047,
174994,45049,
175095,45051,
175196,45053,
175297,45055,
175398,45057,
175499,45059,
175600,45061,
175701,45063,
175802,45067,
175903,45069,
175984,45065,
176085,45071,
176186,45073,
176287,45075,
176388,45077,
176489,45079,
176590,45081,
176691,45083,
176792,45085,
176893,45087,
176994,45089,
177095,45091,
177196,47001,
177297,47003,
177398,47005,
177477,47007,
177578,47009,
177679,47011,
177780,47013,
177881,47015,
177982,47017,
178083,47019,
178184,47021,
178283,47023,
178384,47025,
178447,47027,
178548,47029,
178649,47031,
178743,47033,
178844,47035,
178945,47037,
179032,47039,
179133,47041,
179234,47043,
179335,47045,
179436,47047,
179533,47049,
179634,47051,
179735,47053,
179836,47055,
179937,47057,
180038,47059,
180125,47061,
180226,47063,
180327,47065,
180373,47067,
180474,47069,
180575,47071,
180676,47073,
180777,47075,
180878,47077,
180979,47079,
181080,47081,
181165,47083,
181266,47085,
181337,47087,
181438,47089,
181534,47091,
181635,47093,
181736,47097,
181837,47099,
181924,47101,
182025,47103,
182126,47105,
182227,47111,
182328,47113,
182429,47115,
182530,47117,
182631,47119,
182732,47107,
182833,47109,
182934,47121,
183035,47123,
183136,47125,
183297,47129,
183398,47131,
183499,47133,
183552,47135,
183653,47139,
183754,47141,
183855,47143,
183956,47145,
184057,47147,
184158,47149,
184259,47151,
184360,47153,
184461,47155,
184562,47157,
184663,47159,
184742,47161,
184843,47163,
184944,47165,
185045,47167,
185132,47169,
185233,47171,
185334,47173,
185384,47175,
185485,47177,
185586,47179,
185673,47181,
185774,47183,
185875,47185,
185976,47187,
186077,47189,
186178,48001,
186279,48003,
186380,48005,
186481,48007,
186552,48009,
186653,48013,
186754,48015,
186841,48017,
186942,48019,
187043,48021,
187144,48025,
187245,48027,
187346,48029,
187442,48031,
187543,48035,
187644,48037,
187745,48039,
187846,48041,
187933,48043,
188034,48047,
188135,48049,
188236,48051,
188337,48053,
188438,48055,
188539,48057,
188640,48059,
188741,48061,
188835,48063,
188935,48065,
189036,48067,
189108,48069,
189209,48071,
189310,48073,
189407,48075,
189501,48077,
189596,48083,
189697,48085,
189798,48089,
189899,48091,
189987,48093,
190088,48097,
190189,48099,
190248,48103,
190347,48107,
190448,48109,
190535,48111,
190636,48113,
190723,48115,
190824,48117,
190853,48119,
190954,48121,
191055,48127,
191166,48131,
191267,48133,
191368,48135,
191469,48141,
191570,48139,
191671,48143,
191766,48145,
191867,48147,
191968,48149,
191984,48153,
192085,48157,
192186,48159,
192287,48161,
192388,48163,
192489,48165,
192590,48167,
192742,48171,
192817,48175,
192918,48177,
193019,48179,
193120,48181,
193221,48183,
193322,48185,
193423,48187,
193524,48189,
193694,48193,
193795,48197,
193896,48199,
193997,48201,
194098,48203,
194168,48207,
194269,48209,
194370,48213,
194471,48215,
194572,48217,
194673,48219,
194774,48221,
194875,48223,
194976,48225,
195077,48227,
195178,48231,
195279,48233,
195358,48237,
195459,48239,
195560,48241,
195661,48245,
195813,48249,
195914,48251,
196015,48253,
196116,48255,
196217,48257,
196318,48259,
196419,48265,
196520,48267,
196621,48273,
196722,48283,
196823,48277,
196924,48279,
197025,48281,
197120,48285,
197219,48287,
197320,48289,
197421,48291,
197522,48293,
197623,48297,
197724,48299,
197869,48303,
197918,48305,
198019,48313,
198106,48315,
198193,48317,
198294,48321,
198395,48323,
198482,48307,
198583,48309,
198753,48325,
198854,48329,
198955,48331,
199051,48335,
199152,48337,
199253,48339,
199354,48341,
199446,48343,
199547,48347,
199648,48349,
199731,48351,
199832,48353,
199933,48355,
200020,48357,
200121,48359,
200222,48361,
200323,48363,
200424,48365,
200525,48367,
200612,48369,
200713,48371,
200814,48373,
200915,48375,
201001,48377,
201089,48379,
201190,48381,
201286,48383,
201374,48387,
201475,48389,
201576,48391,
201677,48395,
201778,48397,
201865,48399,
201966,48401,
202052,48403,
202122,48405,
202223,48407,
202324,48409,
202450,48415,
202551,48419,
202652,48421,
202753,48423,
202840,48425,
202941,48427,
203028,48429,
203126,48437,
203227,48439,
203328,48441,
203424,48445,
203525,48449,
203626,48451,
203727,48453,
203827,48455,
203928,48457,
204029,48459,
204182,48463,
204283,48465,
204384,48467,
204485,48469,
204586,48471,
204687,48473,
204788,48475,
204889,48477,
204990,48479,
205091,48481,
205193,48485,
205293,48487,
205394,48489,
205495,48491,
205596,48493,
205697,48495,
205798,48497,
205899,48499,
205986,48501,
206087,48503,
206174,48505,
206261,48507,
206360,49001,
206461,49003,
206562,49005,
206663,49007,
206764,49011,
206858,49013,
206940,49015,
207039,49019,
207140,49021,
207234,49023,
207315,49025,
207399,49027,
207477,49029,
207578,49035,
207672,49037,
207773,49039,
207874,49041,
207975,49043,
208076,49045,
208177,49047,
208278,49049,
208379,49051,
208480,49053,
208581,49057,
208682,50001,
208783,50003,
208884,50005,
208985,50007,
209033,50009,
209134,50011,
209205,50013,
209306,50015,
209407,50017,
209508,50019,
209609,50021,
209710,50023,
209811,50025,
209912,50027,
210013,51001,
210114,51003,
210215,51005,
210302,51007,
210403,51009,
210504,51011,
210605,51013,
210706,51015,
210918,51019,
210919,51515,
211020,51021,
211121,51023,
211221,51025,
211308,51027,
211395,51029,
211496,51031,
211597,51033,
211698,51035,
211769,51036,
211856,51037,
211957,51041,
212044,51043,
212186,51047,
212258,51049,
212341,51051,
212442,51053,
212538,51057,
212739,51059,
212740,51600,
212841,51061,
212928,51063,
213029,51065,
213230,51067,
213231,51620,
213332,51069,
213433,51071,
213534,51073,
213632,51075,
213703,51077,
213804,51079,
213905,51081,
214006,51083,
214107,51085,
214208,51087,
214309,51089,
214410,51093,
214511,51095,
214582,51097,
214683,51099,
214784,51101,
214871,51103,
214972,51105,
215073,51107,
215174,51109,
215261,51111,
215348,51113,
215449,51683,
215528,51115,
215629,51117,
215716,51119,
215817,51121,
215918,51125,
216019,51127,
216111,51131,
216198,51133,
216295,51135,
216396,51137,
216497,51139,
216587,51141,
216688,51143,
216789,51145,
216890,51147,
216991,51149,
217092,51153,
217193,51155,
217243,51157,
217416,51159,
217417,51760,
217618,51161,
217619,51770,
217720,51163,
217821,51165,
217922,51167,
218023,51169,
218124,51171,
218225,51173,
218326,51175,
218427,51177,
218528,51179,
218599,51181,
218700,51183,
218801,51185,
218902,51187,
219003,51191,
219104,51193,
219205,51195,
219306,51197,
219407,51199,
219508,53001,
219609,53003,
219710,53005,
219811,53007,
219912,53009,
220013,53011,
220114,53015,
220215,53017,
220253,53019,
220354,53021,
220455,53025,
220556,53027,
220657,53029,
220758,53031,
220859,53033,
220960,53035,
221061,53037,
221162,53039,
221263,53041,
221334,53043,
221435,53045,
221536,53047,
221637,53049,
221724,53051,
221825,53053,
221926,53055,
222027,53057,
222128,53059,
222229,53061,
222330,53063,
222431,53065,
222532,53067,
222633,53071,
222734,53073,
222835,53075,
222936,53077,
223030,54001,
223131,54003,
223222,54005,
223313,54007,
223414,54009,
223515,54011,
223616,54019,
223688,54023,
223789,54025,
223890,54027,
223991,54029,
224078,54031,
224179,54033,
224280,54035,
224381,54037,
224482,54039,
224570,54041,
224641,54043,
224742,54045,
224843,54049,
224944,54051,
225045,54053,
225116,54047,
225217,54055,
225318,54057,
225389,54059,
225490,54061,
225561,54063,
225662,54065,
225763,54067,
225864,54069,
225914,54073,
226045,54077,
226146,54079,
226247,54081,
226348,54083,
226416,54085,
226503,54087,
226588,54089,
226689,54091,
226712,54093,
226783,54095,
226884,54097,
226985,54099,
227008,54101,
227109,54103,
227211,54107,
227282,54109,
227383,55001,
227478,55003,
227579,55005,
227665,55007,
227766,55009,
227854,55011,
227955,55013,
228056,55015,
228157,55017,
228258,55019,
228359,55021,
228455,55023,
228556,55025,
228657,55027,
228758,55029,
228859,55031,
228960,55033,
229061,55035,
229170,55039,
229249,55041,
229350,55043,
229451,55045,
229552,55047,
229653,55049,
229724,55051,
229825,55053,
229926,55055,
230027,55057,
230128,55059,
230229,55061,
230330,55063,
230420,55065,
230521,55067,
230622,55069,
230723,55071,
230824,55073,
230925,55075,
231026,55077,
231127,55079,
231228,55081,
231329,55083,
231430,55085,
231531,55087,
231632,55089,
231706,55091,
231807,55093,
231908,55095,
232009,55097,
232096,55099,
232197,55101,
232298,55103,
232399,55105,
232487,55107,
232588,55111,
232689,55113,
232790,55115,
232891,55117,
232992,55109,
233088,55119,
233189,55121,
233290,55123,
233391,55125,
233492,55127,
233585,55129,
233686,55131,
233787,55133,
233888,55135,
233989,55137,
234090,55139,
234191,55141,
234292,56001,
234372,56003,
234473,56005,
234574,56007,
234675,56009,
234715,56011,
234816,56013,
234908,56015,
234992,56019,
235093,56021,
235191,56023,
235292,56025,
235393,56029,
235480,56031,
235581,56033,
235661,56035,
235762,56037,
235863,56039,
235964,56041,
236043,56043,
236116,56045,
